time,number,color,seven,song,date,pet,denero,smallest
"4/13/2018 15:07:42",9,red,7,"Smells Like Teen Spirit by Nirvana",6/19,tiger,"Image 1",1
"4/13/2018 15:08:22",43,green,7,"Fur Elise",12/11,wolf,"Image 5",4
"4/13/2018 15:08:38",73,purple,"the number 7 below.","Smells Like Teen Spirit",5/15,cat,"Image 1",23
"4/13/2018 15:08:43",13,navy,7,Finesse,11/25,dog,"Image 2",127
"4/13/2018 15:08:53",11,purple,7,"The Middle",7/22,elephant,"Image 2",2
"4/13/2018 15:09:08",35,blue,"the number 7 below.","The Middle",2/10,pug,"Image 1",13
"4/13/2018 15:09:44",87,red,"the number 7 below.",Finesse,12/14,dog,"Image 5",34
"4/13/2018 15:09:44",88,blue,7,"God's Plan",2/22,narwal,"Image 1",29
"4/13/2018 15:09:46",3,black,"You're not the boss of me!","Fur Elise",2/29,panda,"Image 4",31
"4/13/2018 15:09:52",3,blue,7,"Fur Elise",1/27,horse,"Image 4",2
"4/13/2018 15:09:54",57,blue,"Choose this option instead","Fur Elise",3/30,bear,"Image 5",9
"4/13/2018 15:09:58",69,blue,"You're not the boss of me!","God's Plan",12/16,"john fa","Image 4",13
"4/13/2018 15:10:48",2,blue,7,Finesse,1/1,panda,"Image 4",27
"4/13/2018 15:10:59",12,blue,"Choose this option instead",Cascada,6/18,pony,"Image 5",6
"4/13/2018 15:11:00",7,"blue ",7,"God's Plan",6/17,dog,"Image 1",1
"4/13/2018 15:11:04",88,turquoise,7,Finesse,12/8,orca,"Image 4",1
"4/13/2018 15:11:34",69,blue,"the number 7 below.",Cascada,1/24,dog,"Image 5",11
"4/13/2018 15:11:37",44,green,"Choose this option instead","God's Plan",12/25,tree,"Image 2",1
"4/13/2018 15:11:38",69,teal,"Choose this option instead","God's Plan",10/10,toyger,"Image 5",12
"4/13/2018 15:11:56",99,green,"Choose this option instead","God's Plan",2/10,"african gray","Image 5",1
"4/13/2018 15:12:02",69,"gaga's hair 2015","Choose this option instead","Smells Like Teen Spirit",4/20,stegosaurus,"Image 1",3
"4/13/2018 15:12:08",1,silver,7,Finesse,5/12,kola,"Image 4",2
"4/13/2018 15:12:25",43,green,"the number 7 below.","Smells Like Teen Spirit",1/1,ferret,"Image 4",1
"4/13/2018 15:12:41",5,purple,7,Finesse,5/12,cat,"Image 4",31
"4/13/2018 15:12:45",42,red,"the number 7 below.","Smells Like Teen Spirit",2/29,dolphin,"Image 1",42
"4/13/2018 15:12:48",34,green,7,"Fur Elise",9/7,none,"Image 3",15
"4/13/2018 15:13:03",66,blue,7,Cascada,4/6,cat,"Image 5",1
"4/13/2018 15:13:20",88,maroon/burgundy,"You're not the boss of me!",Cascada,5/16,"khaleesi's dragons","Image 4",1
"4/13/2018 15:13:32",80,grey,"the number 7 below.","God's Plan",9/24,dog,"Image 2",67
"4/13/2018 15:13:50",7,blue,7,"God's Plan",1/4,elephant,"Image 3",25
"4/13/2018 15:14:10",12,blue,7,Finesse,5/11,koala,"Image 4",1
"4/13/2018 15:14:44",13,green,"Choose this option instead","The Middle",2/29,dog,"Image 2",37
"4/13/2018 15:14:45",23,blue,"the number 7 below.","The Middle",3/10,unicorn,"Image 1",1
"4/13/2018 15:15:08",53,black,"the number 7 below.","Fur Elise",5/12,cat,"Image 5",17
"4/13/2018 15:15:10",69,rainbow,"the number 7 below.",Finesse,4/20,dragon,"Image 4",34
"4/13/2018 15:15:36",28,red,7,"Smells Like Teen Spirit",10/9,"cheeta ","Image 2",3
"4/13/2018 15:15:41",13,red,"You're not the boss of me!",Cascada,9/13,dolphin,"Image 3",22
"4/13/2018 15:15:46",32,red,"the number 7 below.","God's Plan",8/1,dog,"Image 3",1
"4/13/2018 15:15:49",5,blue,"the number 7 below.","Smells Like Teen Spirit",7/31,panda,"Image 2",1
"4/13/2018 15:16:12",20,yellow,"Choose this option instead",Cascada,4/20,whale,"Image 4",16
"4/13/2018 15:16:24",18,turquoise,"You're not the boss of me!",Finesse,8/18,"a hot man","Image 4",19
"4/13/2018 15:16:28",23,"sky blue","the number 7 below.",Cascada,9/17,"bichon frise","Image 2",23
"4/13/2018 15:16:30",17,purple,7,"God's Plan",9/21,"still a cat","Image 1",2
"4/13/2018 15:16:55",9,n/a,"You're not the boss of me!","Fur Elise",1/1,you,"Image 5",2
"4/13/2018 15:17:18",8,blue,7,"Smells Like Teen Spirit",8/11,beaver,"Image 3",3
"4/13/2018 15:17:31",3,blue,7,Finesse,5/20,"blue whale","Image 4",23
"4/13/2018 15:17:34",69,blue,"You're not the boss of me!","The Middle",10/22,fox,"Image 4",11
"4/13/2018 15:17:35",3,"purple ",seven,"God's Plan",3/3,"baby labrador ","Image 1",1
"4/13/2018 15:17:39",17,purple,7,"The Middle",11/1,"pot bellied pig","Image 2",61
"4/13/2018 15:17:48",69,blue,"Choose this option instead",Finesse,2/29,dragon,"Image 5",71
"4/13/2018 15:17:50",69,"wine red","the number 7 below.",Finesse,7/15,unicorn,"Image 2",369
"4/13/2018 15:17:54",27,blue,"the number 7 below.","Smells Like Teen Spirit",1/27,dog,"Image 2",103
"4/13/2018 15:18:10",7,green,"the number 7 below.",Cascada,8/31,penguin,"Image 1",17
"4/13/2018 15:18:28",7,purple,7,"Fur Elise",5/7,monkey,"Image 5",3
"4/13/2018 15:19:47",4,pink,"You're not the boss of me!","God's Plan",4/4,zebra,"Image 2",4
"4/13/2018 15:20:05",10,maroon,7,Finesse,10/16,"a corgi","Image 4",58
"4/13/2018 15:20:15",22,blue,"Choose this option instead","Fur Elise",2/22,cat,"Image 4",41
"4/13/2018 15:20:28",9,yellow,"Choose this option instead",Cascada,4/4,sloth,"Image 4",29
"4/13/2018 15:20:32",37,green,"Choose this option instead",Disturbed,5/5,caterpillar,"Image 2",2
"4/13/2018 15:21:02",42,blue,"Choose this option instead","The Middle",4/20,dog,"Image 3",5
"4/13/2018 15:21:12",3,blue,"the number 7 below.","God's Plan",1/1,cat,"Image 5",21
"4/13/2018 15:21:43",69,"green, but with more dimensions. ","You're not the boss of me!",Finesse,12/21,"samosa the dog","Image 5",17
"4/13/2018 15:21:57",24,blue,"the number 7 below.",Cascada,6/14,panda,"Image 5",37
"4/13/2018 15:22:11",2,"dark blue",7,Cascada,1/1,cat,"Image 3",16
"4/13/2018 15:22:13",1,"gold ",7,Finesse,5/12,"black horse","Image 5",17
"4/13/2018 15:22:34",69,red,7,"Fur Elise",5/25,dog,"Image 5",26
"4/13/2018 15:23:28",27,blue-grey,7,Cascada,10/16,horse,"Image 1",19
"4/13/2018 15:23:49",69,red,"the number 7 below.",Finesse,12/25,banana,"Image 5",143
"4/13/2018 15:24:14",99,"black ","the number 7 below.","Smells Like Teen Spirit",1/15,"tiger ","Image 4",1
"4/13/2018 15:24:18",13,blue,seven,Cascada,3/22,dog,"Image 2",22
"4/13/2018 15:25:03",53,blue,"the number 7 below.","God's Plan",10/25,capybara,"Image 2",1
"4/13/2018 15:25:09",15,black,7,"God's Plan",11/3,"unicorn ","Image 3",2
"4/13/2018 15:25:15",29,red,"the number 7 below.","Fur Elise",6/19,"an axolotl","Image 4",29
"4/13/2018 15:25:35",99,yellow,7,"Fur Elise",1/9,"red panda","Image 2",1
"4/13/2018 15:26:04",69,green,"the number 7 below.","God's Plan",5/11,doggo,"Image 4",41
"4/13/2018 15:26:26",61,yellow,"You're not the boss of me!","Smells Like Teen Spirit",11/11,tiger,"Image 5",59
"4/13/2018 15:26:30",23,blue,"the number 7 below.",Finesse,3/23,unicorn!!!!!!!,"Image 5",23
"4/13/2018 15:26:58",8,black,7,"God's Plan",4/20,pupper,"Image 4",1
"4/13/2018 15:27:04",9,pink,7,Finesse,3/9,panda,"Image 1",1
"4/13/2018 15:27:17",88,blue,"the number 7 below.","God's Plan",3/30,armadillo,"Image 5",88
"4/13/2018 15:28:24",42,black,7,"Fur Elise",3/14,skunk,"Image 2",1
"4/13/2018 15:30:07",48,purple,"the number 7 below.",Cascada,12/3,"longhorn  ","Image 1",22
"4/13/2018 15:30:16",40,blue,"the number 7 below.",Finesse,8/10,unicorn,"Image 4",1
"4/13/2018 15:30:33",6,green,7,Cascada,12/21,platypus,"Image 2",6
"4/13/2018 15:30:47",7,purple,7,"The Middle",5/5,dog,"Image 4",1
"4/13/2018 15:30:58",5,blue,"You're not the boss of me!",Cascada,9/4,dog!,"Image 5",44
"4/13/2018 15:31:08",76,yellow,7,"The Middle",5/11,elephant,"Image 1",8
"4/13/2018 15:33:20",13,fulvous,"You're not the boss of me!","God's Plan",1/13,petbot/kiwibot,"Image 2",4
"4/13/2018 15:33:23",11,green,7,"Fur Elise",1/10,tortoise,"Image 4",73
"4/13/2018 15:34:10",95,blue,"You're not the boss of me!","God's Plan",10/5,"a freaking dolphin","Image 1",2
"4/13/2018 15:34:49",26,black,"the number 7 below.",Cascada,5/7,panda,"Image 2",1
"4/13/2018 15:37:34",4,blue,7,"Fur Elise",10/10,dog,"Image 3",61
"4/13/2018 15:39:55",66,red,7,Finesse,5/9,"image 2","Image 2",3
"4/13/2018 15:40:12",6,orange,"the number 7 below.",Finesse,1/1,cat,"Image 4",1
"4/13/2018 15:41:05",4,white,seven,"The Middle",4/13,hedgehog,"Image 5",4
"4/13/2018 15:42:15",88,teal,"the number 7 below.","Fur Elise",12/4,lion,"Image 2",5
"4/13/2018 15:42:28",2,"tardis blue","the number 7 below.","Smells Like Teen Spirit",2/29,tribble,"Image 5",1
"4/13/2018 15:43:10",50,blue,"Choose this option instead","Fur Elise",6/21,wolf,"Image 4",137
"4/13/2018 15:43:43",69,blue,7,"God's Plan",1/3,cheetah,"Image 3",69
"4/13/2018 15:43:54",11,pink,7,Finesse,3/1,"deneroâ€™s dog","Image 4",24
"4/13/2018 15:44:08",23,purple,"the number 7 below.",Cascada,4/20,"blue whale","Image 5",23
"4/13/2018 15:44:16",5,purple,"Choose this option instead","Fur Elise",11/5,cat,"Image 3",25
"4/13/2018 15:44:20",100,"white ",7,Cascada,1/1,dragon,"Image 4",111
"4/13/2018 15:44:33",24,viric,"the number 7 below.","The Middle",1/1,penguin,"Image 4",1
"4/13/2018 15:45:01",72,green,seven,"The Middle",12/17,"giraffe ","Image 1",31
"4/13/2018 15:46:02",9,black,seven,"Smells Like Teen Spirit",1/15,cheetah,"Image 5",3
"4/13/2018 15:46:27",14,blue,7,"Fur Elise",12/25,"elephant ","Image 1",789
"4/13/2018 15:48:07",2,purple,7,"Fur Elise",1/1,"rusty spotted cat","Image 4",14
"4/13/2018 15:48:22",44,blue,7,"Fur Elise",9/19,ferret,"Image 4",21
"4/13/2018 15:48:35",72,blue,"the number 7 below.","God's Plan",3/26,hedgehog,"Image 4",31
"4/13/2018 15:48:57",5,blue,7,"Fur Elise",4/12,cat,"Image 1",5
"4/13/2018 15:49:45",33,blue,7,"The Middle",11/2,dog,"Image 2",1
"4/13/2018 15:49:45",89,green,"Choose this option instead","Fur Elise",8/28,dragon,"Image 4",156
"4/13/2018 15:50:14",49,"yellow ",7,Cascada,9/1,"dolphin ","Image 3",3
"4/13/2018 15:51:13",17,"turquoise ",7,Finesse,4/5,condor,"Image 1",107
"4/13/2018 15:51:47",16,"pastel colors","the number 7 below.",Cascada,12/25,"red panda","Image 3",1
"4/13/2018 15:52:26",37,"periwinkle ","the number 7 below.","God's Plan",4/29,"mountain lion","Image 2",43
"4/13/2018 15:52:56",11,blue,7,"God's Plan",4/2,moose,"Image 1",13
"4/13/2018 15:54:07",4,n/a,"the number 7 below.","Fur Elise",4/21,n/a,"Image 2",33
"4/13/2018 15:55:35",55,black,7,"God's Plan",5/12,"tiger ","Image 4",93
"4/13/2018 15:56:34",18,blue,"Choose this option instead","Fur Elise",12/31,cat,"Image 1",3
"4/13/2018 15:57:17",3,green,"the number 7 below.",Disturbed,4/1,snake,"Image 4",4
"4/13/2018 15:57:22",47,orange,7,"God's Plan",8/30,deer,"Image 2",2
"4/13/2018 15:57:58",69,purple,"Choose this option instead","Smells Like Teen Spirit",8/9,cat,"Image 4",1
"4/13/2018 15:59:44",7,"miami nights",7,"God's Plan",6/9,dragon,"Image 2",80085
"4/13/2018 15:59:55",19,blue,"You're not the boss of me!",Cascada,11/24,dog,"Image 3",12
"4/13/2018 16:02:45",69,teal,"the number 7 below.","The Middle",1/10,"an octopus","Image 5",6
"4/13/2018 16:03:07",76,purple,7,Finesse,8/24,cat,"Image 2",473
"4/13/2018 16:03:16",42,blue,"Choose this option instead","Fur Elise",3/14,turtle,"Image 4",11
"4/13/2018 16:04:53",42,maroon,7,Cascada,3/15,ocelot,"Image 2",7
"4/13/2018 16:05:45",98,blue,"the number 7 below.","Fur Elise",10/31,"sea turtle","Image 4",25
"4/13/2018 16:05:49",1,blue,7,"Fur Elise",6/21,tiger,"Image 4",10
"4/13/2018 16:07:06",2,pink,"You're not the boss of me!","God's Plan",6/30,dog,"Image 4",17
"4/13/2018 16:07:36",22,"dark blue",7,"Fur Elise",12/25,tiger,"Image 4",5
"4/13/2018 16:07:42",21,blue,"the number 7 below.",Cascada,1/1,"shiba inu","Image 2",7
"4/13/2018 16:09:36",9,blue,7,"Smells Like Teen Spirit",5/13,dog,"Image 4",23
"4/13/2018 16:09:40",62,black,"Choose this option instead","God's Plan",5/21,dragon,"Image 4",1
"4/13/2018 16:14:18",42,red,"the number 7 below.","Smells Like Teen Spirit",6/25,monkey,"Image 4",1
"4/13/2018 16:15:14",1,red,7,Finesse,11/11,"john denero","Image 1",1
"4/13/2018 16:21:09",17,"pink ","the number 7 below.","The Middle",3/14,"dove ","Image 1",1
"4/13/2018 16:21:45",14,blue,"the number 7 below.","The Middle",9/13,"polar bear","Image 5",9.99999999999486e+25
"4/13/2018 16:21:48",26,mint,7,Finesse,11/27,dog,"Image 3",8
"4/13/2018 16:22:57",42,blue,"the number 7 below.","The Middle",10/1,"humpback whale","Image 4",1
"4/13/2018 16:23:41",69,black,"the number 7 below.",Cascada,8/17,"squirrel ","Image 2",52
"4/13/2018 16:24:09",3,purple,"the number 7 below.","The Middle",7/15,"goldendoodle puppy","Image 3",27
"4/13/2018 16:24:49",6,green,7,"Fur Elise",5/12,dog,"Image 2",1
"4/13/2018 16:29:13",44,pink,"You're not the boss of me!","God's Plan",4/1,you,"Image 4",4
"4/13/2018 16:31:40",12,green,7,"The Middle",12/2,"ferret ","Image 1",12
"4/13/2018 16:33:12",6,"baby blue","the number 7 below.","The Middle",9/1,dolphin,"Image 2",69
"4/13/2018 16:35:28",17,blue,7,"The Middle",12/25,dog,"Image 4",1
"4/13/2018 16:37:47",34,glaucous,"the number 7 below.",Cascada,2/29,"homo sapiens","Image 1",404
"4/13/2018 16:38:02",11,blue,7,Cascada,11/11,dog,"Image 1",1
"4/13/2018 16:39:20",3,green,"the number 7 below.","God's Plan",1/1,dog,"Image 1",11
"4/13/2018 16:40:55",7,blue,"You're not the boss of me!","God's Plan",4/2,dog,"Image 5",7
"4/13/2018 16:41:20",13,black,"the number 7 below.",Cascada,4/20,dog,"Image 2",23
"4/13/2018 16:43:31",7,blue,7,Finesse,12/5,fox,"Image 2",1
"4/13/2018 16:44:06",12,green,"the number 7 below.","Smells Like Teen Spirit",3/14,bird,"Image 4",12
"4/13/2018 16:45:59",17,yellow,7,Cascada,2/16,lion,"Image 4",1
"4/13/2018 16:50:52",69,gray,"the number 7 below.","Smells Like Teen Spirit",9/20,fennel,"Image 4",6
"4/13/2018 16:51:30",7,red,seven,"God's Plan",4/19,dog,"Image 3",19
"4/13/2018 16:53:47",42,blue,"the number 7 below.","Fur Elise",4/27,"a hedgehog","Image 2",1
"4/13/2018 16:53:55",32,red,"You're not the boss of me!",Cascada,12/9,dragon,"Image 3",14
"4/13/2018 16:56:49",69,blue,7,"God's Plan",10/12,dog,"Image 2",1
"4/13/2018 16:59:07",18,black,seven,"Fur Elise",10/20,cheeta,"Image 2",278
"4/13/2018 17:00:28",53,blue,7,"Fur Elise",9/29,"a human","Image 1",56
"4/13/2018 17:06:09",69,blue,7,Finesse,1/1,dragon,"Image 5",10
"4/13/2018 17:06:47",88,blue,"Choose this option instead","Smells Like Teen Spirit",6/28,wolf,"Image 4",29
"4/13/2018 17:07:16",6,yellow,7,"God's Plan",2/29,hedgehog,"Image 2",1
"4/13/2018 17:14:16",15,purple,"the number 7 below.","Fur Elise",4/1,"john denero","Image 2",1
"4/13/2018 17:17:47",7,red,7,"God's Plan",7/22,human,"Image 2",1
"4/13/2018 17:23:57",25,blue,7,Finesse,10/30,dog,"Image 2",1
"4/13/2018 17:24:54",2,orange,"the number 7 below.","The Middle",12/25,rhinoceros,"Image 2",10
"4/13/2018 17:26:22",69,"denero's eyes","the number 7 below.",Cascada,9/11,corgi,"Image 3",148
"4/13/2018 17:27:51",61,red,"You're not the boss of me!",Finesse,2/29,mosquito,"Image 4",1
"4/13/2018 17:32:17",4,green,"the number 7 below.",Disturbed,4/20,cat,"Image 1",1
"4/13/2018 17:33:52",16,"dark blue","the number 7 below.",Cascada,10/16,cat,"Image 2",1
"4/13/2018 17:34:22",21,mint,seven,"Fur Elise",6/21,"australian shepard","Image 5",54
"4/13/2018 17:35:23",47,gray,"Choose this option instead","Fur Elise",8/23,you,"Image 3",478544
"4/13/2018 17:36:19",13,blue,7,"God's Plan",2/13,tiger,"Image 1",4
"4/13/2018 17:42:13",6,"cobalt blue","the number 7 below.","Fur Elise",6/6,tiger,"Image 4",99
"4/13/2018 17:45:01",4,blue,7,"Fur Elise",5/4,wookie,"Image 1",1
"4/13/2018 17:48:26",97,periwinkle,seven,"Fur Elise",3/19,dog,"Image 4",1
"4/13/2018 17:49:07",17,teal,7,"God's Plan",1/1,fish,"Image 2",1
"4/13/2018 17:51:37",99,purple,"the number 7 below.","God's Plan",3/9,dog,"Image 5",10
"4/13/2018 17:52:32",69,red,seven,"God's Plan",10/3,cat,"Image 3",53
"4/13/2018 17:58:57",8,blue,7,"Fur Elise",8/12,dog,"Image 5",5
"4/13/2018 18:02:42",16,red,7,"The Middle",12/25,panda,"Image 1",1
"4/13/2018 18:05:28",21,maroon,7,"Fur Elise",9/3,tiger,"Image 4",1
"4/13/2018 18:09:26",4,blue,"the number 7 below.","The Middle",5/13,corgi,"Image 4",17
"4/13/2018 18:09:37",11,blue,7,"God's Plan",1/1,dog,"Image 1",1
"4/13/2018 18:14:58",23,"aqua blue","Choose this option instead",Cascada,3/23,rabbit,"Image 2",1
"4/13/2018 18:19:15",3.14,black,7,"Smells Like Teen Spirit",10/31,"mouse ","Image 4",31
"4/13/2018 18:20:30",45,black,7,"Smells Like Teen Spirit",10/24,"polar bear","Image 3",1
"4/13/2018 18:21:40",23,blue,seven,Cascada,8/24,dog,"Image 4",17
"4/13/2018 18:21:40",33,"baby pink",7,"Fur Elise",9/1,giraffe,"Image 2",7
"4/13/2018 18:27:34",42,green,"You're not the boss of me!","Fur Elise",4/20,"howard dean","Image 4",20
"4/13/2018 18:29:29",31,blue,7,"God's Plan",12/29,llama,"Image 4",1
"4/13/2018 18:30:01",24,blue,"the number 7 below.","Smells Like Teen Spirit",6/8,owl,"Image 2",9
"4/13/2018 18:35:06",97,silver,"Choose this option instead","Smells Like Teen Spirit",2/17,dog,"Image 5",17
"4/13/2018 18:36:12",18,black,"You're not the boss of me!",Finesse,2/14,"husky puppy","Image 4",1
"4/13/2018 18:36:44",42,"neon brown","the number 7 below.","Fur Elise",10/11,"polar bear","Image 4",1
"4/13/2018 18:37:10",11,white,"Choose this option instead","Fur Elise",4/20,sloth,"Image 2",10
"4/13/2018 18:39:16",39,blue,"the number 7 below.","Fur Elise",3/14,"cat'); drop all tables;","Image 4",2
"4/13/2018 18:42:48",67,"treat all colors equally.",7,Finesse,4/13,peta,"Image 2",67
"4/13/2018 18:43:28",64,blue,"the number 7 below.","Smells Like Teen Spirit",1/1,penguin,"Image 4",53
"4/13/2018 18:50:30",17,"navy blue","the number 7 below.","Fur Elise",3/15,koala,"Image 1",6
"4/13/2018 18:53:00",69,red,7,Finesse,4/11,corgi,"Image 2",11
"4/13/2018 18:57:18",78,green,seven,"Fur Elise",5/24,turtle,"Image 5",100000
"4/13/2018 19:04:52",17,yellow,"You're not the boss of me!","Fur Elise",1/1,"husky puppy","Image 4",3
"4/13/2018 19:24:13",53,"i dont see color","You're not the boss of me!",Cascada,6/9,"slavoj zizek, an eccentric being","Image 5",53
"4/13/2018 19:31:01",69,#0f0,"Choose this option instead","The Middle",11/22,tiger,"Image 4",427
"4/13/2018 19:37:36",69,green,"the number 7 below.","Smells Like Teen Spirit",4/20,cat,"Image 2",420
"4/13/2018 19:46:36",5,blue,"the number 7 below.","God's Plan",8/14,dog,"Image 3",81
"4/13/2018 19:46:45",25,teal,"the number 7 below.","God's Plan",8/11,"czechoslovakian wolfdog","Image 4",29
"4/13/2018 19:49:59",42,red,7,"Fur Elise",2/29,"raccoon dog","Image 4",34
"4/13/2018 19:53:05",77,yellow,"the number 7 below.","Fur Elise",4/20,unicorn,"Image 2",72
"4/13/2018 19:54:14",1,"electric blue","You're not the boss of me!",Cascada,2/5,hummingbird,"Image 2",1
"4/13/2018 20:05:42",4,blue,7,"God's Plan",8/15,monkey,"Image 3",81
"4/13/2018 20:09:08",7,teal,"You're not the boss of me!","Smells Like Teen Spirit",7/23,wolf,"Image 4",23
"4/13/2018 20:12:14",99,black,7,Cascada,9/1,"blue whale","Image 4",157
"4/13/2018 20:15:02",4,black,"the number 7 below.","Smells Like Teen Spirit",8/16,"denero's dog","Image 4",1
"4/13/2018 20:17:16",4,blue,"the number 7 below.","Fur Elise",3/17,dog,"Image 2",18
"4/13/2018 20:36:05",4,blue,"the number 7 below.","The Middle",6/22,shark,"Image 5",12
"4/13/2018 20:50:47",1,black,seven,"Smells Like Teen Spirit",1/1,dog,"Image 2",23
"4/13/2018 20:51:23",94,black,"the number 7 below.","Fur Elise",7/20,dinosour,"Image 5",888889
"4/13/2018 21:01:35",69,blue,"You're not the boss of me!","The Middle",1/23,griffin,"Image 4",13
"4/13/2018 21:22:17",100,blue,7,"The Middle",6/17,dog,"Image 1",1
"4/13/2018 21:31:35",69,green,"the number 7 below.",Cascada,12/2,"a rock","Image 1",1
"4/13/2018 21:35:59",64,green,7,"Fur Elise",2/1,"polar bear","Image 3",4
"4/13/2018 21:40:42",77,"dark blue","the number 7 below.","Fur Elise",11/19,tiger,"Image 3",28
"4/13/2018 21:48:54",1,green,"the number 7 below.","The Middle",1/1,panda,"Image 1",32
"4/13/2018 21:51:56",2.718281828,green,"the number 7 below.","Smells Like Teen Spirit",1/29,"tiger cub","Image 4",33
"4/13/2018 21:58:25",9,blue,"the number 7 below.","God's Plan",9/15,dog,"Image 5",63
"4/13/2018 21:59:38",22,purple,"Choose this option instead","Fur Elise",12/30,capybara,"Image 5",17
"4/13/2018 22:01:45",3,blue,7,"God's Plan",6/15,monkey,"Image 4",1
"4/13/2018 22:16:48",25,"all colors",7,"Fur Elise",1/1,tiger,"Image 4",111
"4/13/2018 22:19:48",7,blue,"the number 7 below.","The Middle",12/14,alpaca,"Image 1",12
"4/13/2018 22:41:21",1,silver,"the number 7 below.",Cascada,6/27,"green monkey","Image 1",38
"4/13/2018 22:46:19",7,yellow,"You're not the boss of me!",Disturbed,4/21,cat!!!,"Image 5",1
"4/13/2018 22:53:48",1,blue,"the number 7 below.","Fur Elise",6/19,"a cat","Image 1",1
"4/13/2018 23:00:33",77,pink,7,"The Middle",11/29,panda,"Image 4",17
"4/13/2018 23:01:32",12,blue,"the number 7 below.","God's Plan",5/12,monkey,"Image 1",2
"4/13/2018 23:17:39",100,blue,"You're not the boss of me!","God's Plan",2/10,"a dog","Image 4",1
"4/13/2018 23:49:04",95,"olive green","the number 7 below.","Fur Elise",7/8,dog,"Image 4",131
"4/14/2018 0:00:47",86,purple,"You're not the boss of me!",Cascada,1/1,hedgehog,"Image 5",12
"4/14/2018 0:03:59",2,green,"You're not the boss of me!",Finesse,12/25,rabbit,"Image 1",13
"4/14/2018 0:11:20",16,green,7,"Fur Elise",1/1,"a human","Image 3",1
"4/14/2018 0:15:39",23,blue,"the number 7 below.",Finesse,12/25,corgi,"Image 5",22
"4/14/2018 0:28:52",100,red,7,"Smells Like Teen Spirit",3/6,"schrodinger's cats for sure","Image 5",1
"4/14/2018 0:29:42",50,red,7,"Smells Like Teen Spirit",5/30,lion,"Image 4",7
"4/14/2018 0:48:57",9,turquoise,7,Finesse,6/9,capybara,"Image 3",1
"4/14/2018 10:16:03",24,green,7,Finesse,4/24,cat,"Image 3",1
"4/14/2018 11:03:21",11,black,"Choose this option instead","Fur Elise",11/11,"john denero","Image 4",1
"4/14/2018 11:09:58",10,"pale pink","the number 7 below.","Fur Elise",8/19,dolphin,"Image 1",1
"4/14/2018 11:17:52",20,purple,7,"The Middle",2/20,bunny,"Image 4",1
"4/14/2018 11:41:27",7,blue,7,"Smells Like Teen Spirit",5/20,"redwood tree","Image 4",14
"4/14/2018 11:56:03",7,yellow,7,"Fur Elise",3/31,dog,"Image 3",1
"4/14/2018 12:25:41",26,blue,seven,"Smells Like Teen Spirit",3/17,cat,"Image 2",4
"4/14/2018 12:39:55",42,orange,"the number 7 below.","The Middle",4/20,bird,"Image 2",22
"4/14/2018 12:51:52",25,purple,"the number 7 below.",Cascada,12/8,elephant,"Image 4",1
"4/14/2018 13:12:38",21,blue,7,"God's Plan",1/12,kracken,"Image 2",1
"4/14/2018 13:16:09",21,pink,7,Finesse,4/19,lion,"Image 4",1
"4/14/2018 13:45:20",75,white,7,Finesse,2/29,"a precise pangolin, a karmic koala, or a hoary hedgehog.","Image 4",10
"4/14/2018 13:46:01",85,blue,"the number 7 below.",Disturbed,6/6,tortoise,"Image 4",27
"4/14/2018 14:03:58",69,blue,7,Finesse,10/8,gorilla,"Image 3",1
"4/14/2018 14:12:39",9,blue,7,Cascada,3/17,"red panda","Image 1",3087
"4/14/2018 14:24:45",12,aqua,7,"Fur Elise",8/16,"a snow leopard","Image 5",1
"4/14/2018 14:27:29",55,crimson,"Choose this option instead",Disturbed,4/10,none,"Image 2",55
"4/14/2018 14:33:22",7,blue,7,Finesse,5/12,dog,"Image 2",1
"4/14/2018 14:46:59",69,blue,"the number 7 below.","Smells Like Teen Spirit",10/26,llama,"Image 2",1
"4/14/2018 15:24:29",88,purple,"Choose this option instead","Smells Like Teen Spirit",12/16,"panda ","Image 5",1
"4/14/2018 15:28:55",53,orange,7,"God's Plan",5/10,pig,"Image 5",42
"4/14/2018 15:49:36",1,"neon green",seven,Finesse,1/1,dragon,"Image 4",1
"4/14/2018 16:00:12",17,wine,"the number 7 below.",Finesse,7/17,elephant,"Image 1",31
"4/14/2018 16:24:09",17,blue,"Choose this option instead",Finesse,12/25,tiger,"Image 4",37
"4/14/2018 17:03:52",12,blue,"Choose this option instead","Fur Elise",12/12,dog,"Image 4",31
"4/14/2018 17:22:28",35,black,seven,"The Middle",4/13,dog,"Image 5",31
"4/14/2018 17:31:55",63,yellow,7,"God's Plan",5/8,axolotl,"Image 2",3
"4/14/2018 18:23:56",33,maroon,"the number 7 below.","God's Plan",5/7,samosa,"Image 4",6
"4/14/2018 18:40:35",18,blue,7,"The Middle",10/4,dog,"Image 1",17
"4/14/2018 19:53:26",23,gray,"Choose this option instead","Smells Like Teen Spirit",3/14,hedgehog,"Image 3",46
"4/14/2018 19:55:27",9,pink,"You're not the boss of me!",Finesse,8/20,puppy,"Image 4",9
"4/14/2018 1:25:54",2,blue,"the number 7 below.",Finesse,4/2,pandaaaaaa,"Image 5",1
"4/14/2018 1:58:02",100,black,7,"Fur Elise",11/10,t-rex,"Image 2",1
"4/14/2018 20:22:15",3,green,7,Cascada,12/3,"a monkey","Image 4",1
"4/14/2018 20:26:12",40,"dark blue","the number 7 below.","Smells Like Teen Spirit",3/15,"pets are a form of slavery and a severe case of stockholm syndrome. they only love you because they've grown to be so dependent upon you for all of their needs.","Image 2",1
"4/14/2018 20:26:24",69,red,"the number 7 below.","Smells Like Teen Spirit",7/30,"silverback mountain gorilla","Image 4",69
"4/14/2018 20:27:59",7,red,7,Finesse,12/25,tiger,"Image 4",1
"4/14/2018 20:37:27",69,turquoise,"Choose this option instead","God's Plan",4/14,dinosaur,"Image 4",45
"4/14/2018 21:03:57",6,turquoise,"You're not the boss of me!","Smells Like Teen Spirit",3/22,tiger,"Image 3",1
"4/14/2018 21:31:05",35,blue,"the number 7 below.","God's Plan",7/1,oski,"Image 5",1
"4/14/2018 21:47:18",64,pink,7,Cascada,6/14,husky,"Image 5",1
"4/14/2018 22:36:11",1,blue,"You're not the boss of me!","God's Plan",3/24,tiger,"Image 3",15
"4/14/2018 2:02:49",33,blue,"the number 7 below.","God's Plan",10/3,capybara,"Image 2",22
"4/14/2018 2:27:10",4,"blue and gold",seven,"The Middle",4/4,"a gsi","Image 1",137
"4/14/2018 2:50:39",7,blue,"You're not the boss of me!","Fur Elise",11/11,robots,"Image 4",2
"4/14/2018 5:24:10",22,yellow,"Choose this option instead","Fur Elise",5/22,toucan,"Image 5",1
"4/14/2018 5:58:40",17,skyblue,"You're not the boss of me!",Finesse,6/21,cat,"Image 5",7
"4/14/2018 8:36:40",17,pink,"the number 7 below.","The Middle",4/28,"a cat","Image 1",1
"4/15/2018 10:13:32",12,"lime green","the number 7 below.","Fur Elise",8/12,tiger,"Image 2",23
"4/15/2018 10:15:45",23,black,7,"Smells Like Teen Spirit",9/23,rabbit,"Image 4",23
"4/15/2018 10:22:13",16,blue,"You're not the boss of me!","Smells Like Teen Spirit",1/16,sloth,"Image 2",8
"4/15/2018 11:18:12",77,shades,"the number 7 below.","Smells Like Teen Spirit",10/31,"a hedgehog","Image 5",1
"4/15/2018 12:42:43",11,pink,seven,"Smells Like Teen Spirit",6/26,"red panda","Image 5",1
"4/15/2018 13:25:46",66,green,"Choose this option instead","The Middle",3/12,panda,"Image 3",1
"4/15/2018 13:59:31",4,blur,"You're not the boss of me!","Smells Like Teen Spirit",1/14,lemur,"Image 4",6
"4/15/2018 14:04:05",72,purple,7,"God's Plan",4/16,dolphin,"Image 2",1
"4/15/2018 14:40:04",99,blue,7,"God's Plan",6/16,dog,"Image 5",38
"4/15/2018 15:13:21",13,purple,7,"Fur Elise",4/22,panda,"Image 3",1
"4/15/2018 15:16:01",88,red,7,"God's Plan",8/15,dog,"Image 1",1
"4/15/2018 15:27:21",69,green,"the number 7 below.","Smells Like Teen Spirit",3/14,jaguar,"Image 1",1
"4/15/2018 1:54:35",12,blue,7,"Smells Like Teen Spirit",9/16,dog,"Image 1",9
"4/15/2018 2:15:44",34,red,7,"Fur Elise",7/22,otter,"Image 3",2
"4/15/2018 3:28:14",99,"warm yellow",seven,"God's Plan",9/1,platypus,"Image 2",211
"4/15/2018 8:48:22",7,blue,7,"Smells Like Teen Spirit",4/8,"dinosaur ","Image 4",1
"4/15/2018 9:55:14",10,blue,7,"God's Plan",3/19,tiger,"Image 4",23
